{
  "g": {
    "oz": 0.035274
  },
  "oz": {
    "g": 28.349492544083461
  }
}
