{
  "g": {
    "oz": 28.349492544083461
  },
  "oz": {
    "g": 0.035274
  }
}
